mono,property,value
[*]CC([*])C,Eea,0.4343
[*]CC([*])F,Eea,0.874
[*]CC([*])(F)F,Eea,1.1415
[*]C(F)C([*])(F)F,Eea,1.524
[*]CCC(F)(F)C([*])(F)F,Eea,0.4489
[*]CO[*],Eea,0.9897
[*]CCO[*],Eea,0.3936
[*]CC(O[*])C(F)(F)F,Eea,0.7546
[*]CCCO[*],Eea,0.5672
[*]Oc1ccc(Cc2ccc([*])cc2)cc1,Eea,1.1795
[*]CCCCCOCO[*],Eea,0.5413
[*]CCOC(=O)NCCOCCOCCNC(=O)O[*],Eea,0.573
[*]c1ccc(-c2nc3cc4nc([*])oc4cc3o2)cc1,Eea,3.0398
[*]CCCCCS[*],Eea,0.5118
[*]Sc1ccc([*])cc1,Eea,2.0372
[*]CCOC(=O)CCCCC(=O)O[*],Eea,1.0754
[*]CCOC(=O)CCCCCCC(=O)O[*],Eea,0.8924
[*]CCOC(=O)c1ccc(C(=O)O[*])cc1,Eea,2.2723
[*]CCCCOC(=O)c1ccc(C(=O)O[*])cc1,Eea,2.4936
[*]CC(=O)O[*],Eea,1.2063
[*]CCCCCC(=O)O[*],Eea,0.5062
[*]CCC(=O)O[*],Eea,0.7562
[*]Oc1ccc(CC([*])=O)cc1,Eea,1.5033
[*]Cc1ccc(C(=O)O[*])cc1,Eea,2.2574
[*]CCC(=O)N[*],Eea,1.1904
[*]CCCCCCC(=O)N[*],Eea,0.6934
[*]CC(=O)N[*],Eea,0.7672
[*]Nc1cccc(C([*])=O)c1,Eea,2.356
[*]Cc1ccc(C(=O)N[*])cc1,Eea,1.8315
[*]CCCCCOC(=O)Nc1ccc(C)c(NC(=O)O[*])c1,Eea,0.9199
[*]OC(=O)c1ccc(C([*])=O)cc1,Eea,3.2451
[*]Oc1ccc(OC([*])=O)cc1,Eea,1.4499
[*]CCCN[*],Eea,0.5296
[*]Oc1ccc(C(=O)c2ccc([*])cc2)cc1,Eea,2.4594
[*]c1ccc([*])cc1,Eea,2.6013
[*]CCc1ccc(-c2ccc([*])cc2)cc1,Eea,1.482
[*]OC1C(CO)OC([*])C(O)C1O,Eea,0.8344
[*]Cc1ccc(CO[*])cc1,Eea,1.6106
[*]CCOCCOC(=O)O[*],Eea,0.4954
[*]CCC(O[*])(C(F)(F)F)C(F)(F)F,Eea,0.4911
[*]c1ccc([*])s1,Eea,2.9681
[*]Oc1ccc(-c2ccc(C([*])=O)cc2)cc1,Eea,2.4015
[*]Nc1ccc([*])cc1,Eea,0.9827
[*]c1cccc([*])n1,Eea,2.2143
[*]CC(C1=CC=CC=C1)CC(C2=CC=CC=C2)CC(C3=CC=CC=C3)CC(C4=CC=CC=C4)[*],Eea,1.5606
[*]C(S1)=CC=C1C(S2)=CC=C2[*],Eea,2.9681
[*]C(OC1=C2)=NC1=CC=C2C(=NC3=C4)OC3=CC=C4[*],Eea,3.155
[*]CC(C=C1)=CC=C1C[*],Eea,0.8499
[*]CCCOC(=O)CCCCCCCCOC(=O)CCCOC(=O)CCCCCCCCOC(=O)[*],Eea,0.7602
[*]CC(C1=CC=CC=N1)CC(C2=CC=CC=N2)CC(C3=CC=CC=N3)[*],Eea,1.1922
[*]C(S1)=CC=C1C(S2)=CC=C2C(S3)=CC=C3C(=S)[*],Eea,3.9365
[*]C(S1)=CC=C1C(S2)=CC=C2C(S3)=CC=C3O[*],Eea,2.4093
[*]C(S1)=CC=C1C(S2)=CC=C2OC(=S)[*],Eea,3.2944
[*]C(S1)=CC=C1C(=S)C(S2)=CC=C2O[*],Eea,3.4574
[*]C(S1)=CC=C1C(=S)OC(=S)[*],Eea,4.0075
[*]C(S1)=CC=C1OC(S2)=CC=C2O[*],Eea,1.3443
[*]C(S1)=CC=C1OC(=S)O[*],Eea,2.5249
[*]C(C=C1)=CC=C1C(S2)=CC=C2C(S3)=CC=C3C(S4)=CC=C4[*],Eea,2.752
[*]C(C=C1)=CC=C1C(S2)=CC=C2C(S3)=CC=C3O[*],Eea,1.7103
[*]C(C=C1)=CC=C1C(S2)=CC=C2C(C=C3)=CC=C3C(S4)=CC=C4[*],Eea,2.3385
[*]C(C=C1)=CC=C1C(S2)=CC=C2C(C=C3)=CC=C3C(=S)[*],Eea,3.3503
[*]C(C=C1)=CC=C1C(S2)=CC=C2C(C=C3)=CC=C3O[*],Eea,1.8588
[*]C(C=C1)=CC=C1C(S2)=CC=C2C(=S)C(S3)=CC=C3[*],Eea,3.6267
[*]C(C=C1)=CC=C1C(S2)=CC=C2OC(S3)=CC=C3[*],Eea,2.1082
[*]C(C=C1)=CC=C1C(S2)=CC=C2OC(=S)[*],Eea,2.8418
[*]C(C=C1)=CC=C1C(C=C2)=CC=C2C(S3)=CC=C3O[*],Eea,1.897
[*]C(C=C1)=CC=C1C(C=C2)=CC=C2C(C=C3)=CC=C3C(S4)=CC=C4[*],Eea,2.2963
[*]C(C=C1)=CC=C1C(C=C2)=CC=C2C(C=C3)=CC=C3C(=S)[*],Eea,3.0264
[*]C(C=C1)=CC=C1C(C=C2)=CC=C2C(C=C3)=CC=C3O[*],Eea,1.6576
[*]C(C=C1)=CC=C1C(C=C2)=CC=C2C(=S)O[*],Eea,2.7321
[*]C(C=C1)=CC=C1C(=S)C(S2)=CC=C2C(=S)[*],Eea,4.1807
[*]C(C=C1)=CC=C1C(=S)C(S2)=CC=C2O[*],Eea,3.2177
[*]C(C=C1)=CC=C1C(=S)C(C=C2)=CC=C2C(=S)[*],Eea,2.9311
[*]C(C=C1)=CC=C1C(=S)C(C=C2)=CC=C2O[*],Eea,3.1315
[*]C(C=C1)=CC=C1C(=S)OC(=S)[*],Eea,3.7508
[*]C(C=C1)=CC=C1OC(S2)=CC=C2O[*],Eea,1.2264
[*]C(C=C1)=CC=C1OC(=S)C(S2)=CC=C2[*],Eea,3.1094
[*]C(C=C1)=CC=C1OC(=S)O[*],Eea,1.8722
[*]CC(S1)=CC=C1C(S2)=CC=C2C(S3)=CC=C3[*],Eea,2.0787
[*]CC(S1)=CC=C1C(S2)=CC=C2C(=S)[*],Eea,3.2587
[*]CC(S1)=CC=C1C(S2)=CC=C2O[*],Eea,1.7705
[*]CC(S1)=CC=C1C(C=C2)=CC=C2C(S3)=CC=C3[*],Eea,1.9244
[*]CC(S1)=CC=C1C(C=C2)=CC=C2C(=S)[*],Eea,2.9754
[*]CC(S1)=CC=C1C(C=C2)=CC=C2O[*],Eea,1.4385
[*]CC(S1)=CC=C1CC(S2)=CC=C2[*],Eea,1.174
[*]CC(S1)=CC=C1CC(=S)[*],Eea,2.588
[*]CC(S1)=CC=C1C(=O)C(S2)=CC=C2[*],Eea,2.8498
[*]CC(S1)=CC=C1C(=O)C(=S)[*],Eea,3.3428
[*]CC(S1)=CC=C1C(=O)O[*],Eea,2.358
[*]CC(S1)=CC=C1C(=S)C(S2)=CC=C2[*],Eea,3.3843
[*]CC(S1)=CC=C1C(=S)O[*],Eea,2.9654
[*]CC(S1)=CC=C1NC(S2)=CC=C2[*],Eea,1.1194
[*]CC(S1)=CC=C1NC(=S)[*],Eea,2.0497
[*]CC(S1)=CC=C1NO[*],Eea,1.3873
[*]CC(S1)=CC=C1OC(S2)=CC=C2[*],Eea,1.2199
[*]CC(S1)=CC=C1OC(=S)[*],Eea,2.3956
[*]CC(C=C1)=CC=C1C(S2)=CC=C2C(S3)=CC=C3[*],Eea,1.9547
[*]CC(C=C1)=CC=C1C(S2)=CC=C2C(C=C3)=CC=C3[*],Eea,1.8331
[*]CC(C=C1)=CC=C1C(S2)=CC=C2C(=S)[*],Eea,3.0651
[*]CC(C=C1)=CC=C1C(C=C2)=CC=C2C(S3)=CC=C3[*],Eea,1.812
[*]CC(C=C1)=CC=C1C(C=C2)=CC=C2C(C=C3)=CC=C3[*],Eea,1.7487
[*]CC(C=C1)=CC=C1C(C=C2)=CC=C2C(=S)[*],Eea,2.7075
[*]CC(C=C1)=CC=C1CC(S2)=CC=C2[*],Eea,0.9966
[*]CC(C=C1)=CC=C1CC(C=C2)=CC=C2[*],Eea,1.0649
[*]CC(C=C1)=CC=C1CC(=S)[*],Eea,2.6743
[*]CC(C=C1)=CC=C1C(=O)C(S2)=CC=C2[*],Eea,2.5375
[*]CC(C=C1)=CC=C1C(=O)C(C=C2)=CC=C2[*],Eea,2.314
[*]CC(C=C1)=CC=C1C(=O)C(=S)[*],Eea,3.3639
[*]CC(C=C1)=CC=C1C(=S)C(S2)=CC=C2[*],Eea,3.0211
[*]CC(C=C1)=CC=C1C(=S)C(C=C2)=CC=C2[*],Eea,2.874
[*]CC(C=C1)=CC=C1C(=S)O[*],Eea,2.8319
[*]CC(C=C1)=CC=C1NC(S2)=CC=C2[*],Eea,0.9705
[*]CC(C=C1)=CC=C1NC(C=C2)=CC=C2[*],Eea,0.9546
[*]CC(C=C1)=CC=C1NC(=S)[*],Eea,2.0656
[*]CC(C=C1)=CC=C1NO[*],Eea,0.7333
[*]CC(C=C1)=CC=C1OC(S2)=CC=C2[*],Eea,1.0627
[*]CC(C=C1)=CC=C1OC(=S)[*],Eea,2.2773
[*]CCC(S1)=CC=C1C(S2)=CC=C2[*],Eea,1.9411
[*]CCC(S1)=CC=C1C(=S)[*],Eea,3.3272
[*]CCC(S1)=CC=C1O[*],Eea,0.6627
[*]CCC(C=C1)=CC=C1C(S2)=CC=C2[*],Eea,1.6982
[*]CCC(C=C1)=CC=C1C(=S)[*],Eea,3.1161
[*]CCC(C=C1)=CC=C1O[*],Eea,0.7536
[*]CCCC(S1)=CC=C1[*],Eea,0.9489
[*]CCCC(C=C1)=CC=C1[*],Eea,0.9937
[*]CCCC(=O)[*],Eea,1.2346
[*]CCCC(=S)[*],Eea,2.3997
[*]CCC(=O)C(S1)=CC=C1[*],Eea,2.6933
[*]CCC(=O)C(C=C1)=CC=C1[*],Eea,2.3583
[*]CCC(=O)C(=S)[*],Eea,3.1911
[*]CCC(=S)O[*],Eea,2.069
[*]CCNC(S1)=CC=C1[*],Eea,0.6915
[*]CCNC(C=C1)=CC=C1[*],Eea,0.6326
[*]CCNC(=S)[*],Eea,1.6837
[*]CCON[*],Eea,0.6058
[*]CC(=O)C(S1)=CC=C1C(S2)=CC=C2[*],Eea,2.8128
[*]CC(=O)C(S1)=CC=C1C(C=C2)=CC=C2[*],Eea,2.6784
[*]CC(=O)C(S1)=CC=C1C(=O)[*],Eea,3.1941
[*]CC(=O)C(S1)=CC=C1C(=S)[*],Eea,3.6254
[*]CC(=O)C(S1)=CC=C1O[*],Eea,2.4711
[*]CC(=O)C(C=C1)=CC=C1C(S2)=CC=C2[*],Eea,2.4129
[*]CC(=O)C(C=C1)=CC=C1C(C=C2)=CC=C2[*],Eea,2.336
[*]CC(=O)C(C=C1)=CC=C1C(=O)[*],Eea,2.7979
[*]CC(=O)C(C=C1)=CC=C1C(=S)[*],Eea,3.7473
[*]CC(=O)C(C=C1)=CC=C1O[*],Eea,2.3793
[*]CC(=O)CC(S1)=CC=C1[*],Eea,1.6069
[*]CC(=O)CC(C=C1)=CC=C1[*],Eea,1.8209
[*]CC(=O)CC(=O)[*],Eea,1.5258
[*]CC(=O)CC(=S)[*],Eea,3.0632
[*]CC(=O)CO[*],Eea,1.6393
[*]CC(=O)C(=S)C(S1)=CC=C1[*],Eea,3.7805
[*]CC(=O)C(=S)C(C=C1)=CC=C1[*],Eea,3.6382
[*]CC(=O)C(=S)C(=O)[*],Eea,4.8698
[*]CC(=O)C(=S)O[*],Eea,2.8847
[*]CC(=O)NC(S1)=CC=C1[*],Eea,1.3272
[*]CC(=O)NC(C=C1)=CC=C1[*],Eea,1.369
[*]CC(=O)NC(=O)[*],Eea,1.5835
[*]CC(=O)NC(=S)[*],Eea,2.9562
[*]CC(=O)OC(S1)=CC=C1[*],Eea,1.4534
[*]CC(=O)OC(=O)[*],Eea,2.2158
[*]CC(=O)OC(=S)[*],Eea,3.1169
[*]CC(=S)C(S1)=CC=C1C(=S)[*],Eea,2.8676
[*]CC(=S)C(S1)=CC=C1O[*],Eea,3.131
[*]CC(=S)C(C=C1)=CC=C1C(=S)[*],Eea,2.9742
[*]CC(=S)C(C=C1)=CC=C1N[*],Eea,3.0309
[*]CC(=S)C(C=C1)=CC=C1O[*],Eea,3.1915
[*]CC(=S)CO[*],Eea,2.5664
[*]CC(=S)C(=O)O[*],Eea,3.8755
[*]CC(=S)NO[*],Eea,2.2076
[*]CNC(S1)=CC=C1C(C=C2)=CC=C2[*],Eea,1.6671
[*]CNC(S1)=CC=C1C(=O)[*],Eea,2.2797
[*]CNC(S1)=CC=C1C(=S)[*],Eea,2.9244
[*]CNC(S1)=CC=C1N[*],Eea,0.5629
[*]CNC(S1)=CC=C1O[*],Eea,0.8203
[*]CNC(C=C1)=CC=C1C(S2)=CC=C2[*],Eea,1.292
[*]CNC(C=C1)=CC=C1N[*],Eea,0.54
[*]CNC(C=C1)=CC=C1O[*],Eea,0.7695
[*]CNCC(S1)=CC=C1[*],Eea,1.1612
[*]CNCC(C=C1)=CC=C1[*],Eea,1.2974
[*]CNCC(=O)[*],Eea,1.6269
[*]CNCC(=S)[*],Eea,2.6857
[*]CNCN[*],Eea,0.8689
[*]CNCO[*],Eea,0.7624
[*]CNC(=O)C(S1)=CC=C1[*],Eea,1.968
[*]CNC(=O)C(=S)[*],Eea,4.0732
[*]CNC(=S)C(S1)=CC=C1[*],Eea,2.3974
[*]CNC(=S)C(C=C1)=CC=C1[*],Eea,2.3012
[*]CNC(=S)C(=O)[*],Eea,3.7481
[*]CNC(=S)N[*],Eea,1.4813
[*]CNC(=S)O[*],Eea,1.5976
[*]CNOC(S1)=CC=C1[*],Eea,1.0659
[*]CNOC(C=C1)=CC=C1[*],Eea,0.891
[*]CNOC(=S)[*],Eea,2.5
[*]CNON[*],Eea,0.9652
[*]COC(S1)=CC=C1C(C=C2)=CC=C2[*],Eea,1.6377
[*]COC(S1)=CC=C1O[*],Eea,0.8857
[*]COC(C=C1)=CC=C1O[*],Eea,0.9466
[*]COC(=O)O[*],Eea,0.7529
[*]COC(=S)O[*],Eea,2.0771
[*]CONC(=O)[*],Eea,1.2523
[*]CONO[*],Eea,0.421
[*]C(=O)C(S1)=CC=C1C(S2)=CC=C2C(S3)=CC=C3[*],Eea,3.453
[*]C(=O)C(S1)=CC=C1C(S2)=CC=C2C(=S)[*],Eea,4.1032
[*]C(=O)C(S1)=CC=C1C(S2)=CC=C2O[*],Eea,2.952
[*]C(=O)C(S1)=CC=C1C(C=C2)=CC=C2C(S3)=CC=C3[*],Eea,3.2278
[*]C(=O)C(S1)=CC=C1C(C=C2)=CC=C2C(=S)[*],Eea,3.7335
[*]C(=O)C(S1)=CC=C1C(C=C2)=CC=C2O[*],Eea,2.9075
[*]C(=O)C(S1)=CC=C1C(=O)C(S2)=CC=C2[*],Eea,4.0693
[*]C(=O)C(S1)=CC=C1C(=O)C(=S)[*],Eea,4.6396
[*]C(=O)C(S1)=CC=C1C(=O)O[*],Eea,3.3779
[*]C(=O)C(S1)=CC=C1C(=S)O[*],Eea,4.037
[*]C(=O)C(S1)=CC=C1OC(S2)=CC=C2[*],Eea,2.882
[*]C(=O)C(S1)=CC=C1OC(=S)[*],Eea,3.2522
[*]C(=O)C(C=C1)=CC=C1C(S2)=CC=C2C(C=C3)=CC=C3[*],Eea,2.8757
[*]C(=O)C(C=C1)=CC=C1C(S2)=CC=C2O[*],Eea,2.3086
[*]C(=O)C(C=C1)=CC=C1C(C=C2)=CC=C2C(C=C3)=CC=C3[*],Eea,2.6442
[*]C(=O)C(C=C1)=CC=C1C(C=C2)=CC=C2C(=S)[*],Eea,3.6994
[*]C(=O)C(C=C1)=CC=C1C(=O)C(S2)=CC=C2[*],Eea,3.6543
[*]C(=O)C(C=C1)=CC=C1C(=O)C(C=C2)=CC=C2[*],Eea,2.1866
[*]C(=O)C(C=C1)=CC=C1C(=O)C(=S)[*],Eea,3.783
[*]C(=O)C(C=C1)=CC=C1C(=S)O[*],Eea,3.4955
[*]C(=O)C(C=C1)=CC=C1OC(S2)=CC=C2[*],Eea,2.5289
[*]C(=O)C(C=C1)=CC=C1OC(=S)[*],Eea,3.2631
[*]C(=O)OC(S1)=CC=C1C(=S)[*],Eea,3.8482
[*]C(=O)OC(S1)=CC=C1O[*],Eea,1.7594
[*]C(=O)OC(C=C1)=CC=C1C(=S)[*],Eea,3.6938
[*]C(=O)OC(=O)O[*],Eea,2.3361
[*]C(=O)OC(=S)O[*],Eea,3.1486
[*]NC(S1)=CC=C1C(S2)=CC=C2C(S3)=CC=C3[*],Eea,2.2798
[*]NC(S1)=CC=C1C(S2)=CC=C2C[*],Eea,1.6017
[*]NC(S1)=CC=C1C(S2)=CC=C2C(=O)[*],Eea,2.9191
[*]NC(S1)=CC=C1C(S2)=CC=C2C(=S)[*],Eea,3.3026
[*]NC(S1)=CC=C1C(C=C2)=CC=C2C(S3)=CC=C3[*],Eea,2.0751
[*]NC(S1)=CC=C1C(C=C2)=CC=C2C(=S)[*],Eea,2.3374
[*]NC(S1)=CC=C1C(=O)C(S2)=CC=C2[*],Eea,3.0129
[*]NC(S1)=CC=C1C(=O)C(=S)[*],Eea,4.1937
[*]NC(S1)=CC=C1C(=S)C(S2)=CC=C2[*],Eea,3.5786
[*]NC(S1)=CC=C1C(=S)C(C=C2)=CC=C2[*],Eea,2.9139
[*]NC(S1)=CC=C1NC(S2)=CC=C2[*],Eea,1.4393
[*]NC(S1)=CC=C1NC(=S)[*],Eea,2.2133
[*]NC(S1)=CC=C1OC(S2)=CC=C2[*],Eea,1.1067
[*]NC(S1)=CC=C1OC(=S)[*],Eea,2.3032
[*]NC(C=C1)=CC=C1C(S2)=CC=C2C(S3)=CC=C3[*],Eea,1.6696
[*]NC(C=C1)=CC=C1C(S2)=CC=C2C(C=C3)=CC=C3[*],Eea,1.9491
[*]NC(C=C1)=CC=C1C(S2)=CC=C2C(=S)[*],Eea,3.1722
[*]NC(C=C1)=CC=C1C(C=C2)=CC=C2C(S3)=CC=C3[*],Eea,1.8885
[*]NC(C=C1)=CC=C1C(C=C2)=CC=C2C(C=C3)=CC=C3[*],Eea,1.5312
[*]NC(C=C1)=CC=C1C(C=C2)=CC=C2C[*],Eea,1.1363
[*]NC(C=C1)=CC=C1C(C=C2)=CC=C2C(=S)[*],Eea,2.5787
[*]NC(C=C1)=CC=C1C(=O)C(S2)=CC=C2[*],Eea,2.4618
[*]NC(C=C1)=CC=C1C(=O)C(=S)[*],Eea,4.0513
[*]NC(C=C1)=CC=C1C(=O)O[*],Eea,2.5642
[*]NC(C=C1)=CC=C1C(=S)C(C=C2)=CC=C2[*],Eea,3.0683
[*]NC(C=C1)=CC=C1NC(S2)=CC=C2[*],Eea,1.0698
[*]NC(C=C1)=CC=C1OC(S2)=CC=C2[*],Eea,1.1598
[*]NC(C=C1)=CC=C1OC(C=C2)=CC=C2[*],Eea,1.1501
[*]NC(C=C1)=CC=C1OC(=S)[*],Eea,2.1606
[*]NC(=O)C(S1)=CC=C1C(C=C2)=CC=C2[*],Eea,2.6235
[*]NC(=O)C(S1)=CC=C1C(=O)[*],Eea,3.408
[*]NC(=O)C(S1)=CC=C1C(=S)[*],Eea,3.7504
[*]NC(=O)C(S1)=CC=C1O[*],Eea,2.2174
[*]NC(=O)C(C=C1)=CC=C1C(S2)=CC=C2[*],Eea,2.1302
[*]NC(=O)C(C=C1)=CC=C1C(C=C2)=CC=C2[*],Eea,2.3815
[*]NC(=O)C(C=C1)=CC=C1C(=S)[*],Eea,3.4516
[*]NC(=O)C(C=C1)=CC=C1O[*],Eea,2.0709
[*]NC(=O)C(=S)C(S1)=CC=C1[*],Eea,3.9034
[*]NC(=O)C(=S)C(C=C1)=CC=C1[*],Eea,3.6154
[*]NC(=O)C(=S)C(=O)[*],Eea,5.1781
[*]NC(=O)C(=S)O[*],Eea,4.3681
[*]NC(=O)NC(S1)=CC=C1[*],Eea,1.6045
[*]NC(=O)NC(=O)[*],Eea,2.041
[*]NC(=O)NC(=S)[*],Eea,3.7029
[*]NC(=O)NO[*],Eea,1.9635
[*]NC(=O)OC(S1)=CC=C1[*],Eea,1.551
[*]NC(=O)OC(C=C1)=CC=C1[*],Eea,1.3447
[*]NC(=O)OC(=S)[*],Eea,3.7701
[*]NC(=S)C(S1)=CC=C1O[*],Eea,2.8874
[*]NC(=S)C(C=C1)=CC=C1O[*],Eea,2.5935
[*]NC(=S)C(=O)O[*],Eea,4.0646
[*]NC(=S)NC(C=C1)=CC=C1[*],Eea,2.0356
[*]NC(=S)NC(=S)[*],Eea,4.2115
[*]NC(=S)NO[*],Eea,2.2894
[*]NC(=S)OC(=S)[*],Eea,4.0637
[*]NOC(=O)O[*],Eea,1.6985
[*]NOC(=S)O[*],Eea,2.7178
[*]NC(=S)NC(C=C1)=CC=C1NC(=S)NC(C=C2)=CC=C2OC(C=C3)=CC=C3[*],Eea,2.2298
[*]NC(=S)NC(C=C1)=CC=C1CC(C=C2)=CC=C2[*],Eea,1.379
[*]CCOCCOC(=O)NC(=CC=C1(C))C=C1NC(=O)O[*],Eea,0.755
[*]NC(=O)OC(=O)[*],Eea,2.561
[*]C(=O)C(=S)C(=O)O[*],Eea,5.1004
[*]C(C=C1)=CC=C1OC(=O)CC(=O)CCO[*],Eea,2.0323
[*]CCOC(=S)NC(=S)C(C=C1)=CC=C1N[*],Eea,2.6209
[*]CNCCCOCO[*],Eea,0.6155
[*]CNCNC(=O)NC(=O)N[*],Eea,0.7092
[*]CNC(=O)NCOCO[*],Eea,0.7808
[*]CNC(=O)ONC(=O)NO[*],Eea,1.4002
[*]COCOCCCO[*],Eea,0.6927
[*]COC(=O)NCCNC[*],Eea,0.5903
[*]C(=O)C(S1)=CC=C1NC(=S)OC(S2)=CC=C2NC(S3)=CC=C3[*],Eea,2.7059
[*]C(=O)NC(=O)CNC(=O)ON[*],Eea,2.0185
[*]C(=O)NC(=O)NCCCN[*],Eea,0.6578
[*]C(=O)NC(=O)NC(=O)NC(S1)=CC=C1N[*],Eea,1.5146
[*]C(=O)NC(=O)OC(=O)NCN[*],Eea,1.6859
[*]OC(C=C1)=CC=C1C(=O)C(S2)=CC=C2C(=O)NOC(=O)[*],Eea,3.5136
[*]C(F)(F)C(S1)=CC=C1C(F)(F)C(S2)=CC=C2[*],Eea,2.5399
[*]C(F)(F)C(S1)=CC=C1C(F)(F)C(=S)[*],Eea,4.1531
[*]C(F)(F)C(S1)=CC=C1C(F)(F)O[*],Eea,2.3901
[*]C(F)(F)C(C=C1)=CC=C1C(F)(F)C(S2)=CC=C2[*],Eea,2.9023
[*]C(F)(F)C(C=C1)=CC=C1C(F)(F)C(C=C2)=CC=C2[*],Eea,2.0599
[*]C(F)(F)C(C=C1)=CC=C1C(F)(F)C(=S)[*],Eea,4.0037
[*]C(F)(F)C(C=C1)=CC=C1C(F)(F)O[*],Eea,2.1427
[*]C(F)(F)C(F)(F)C(S1)=CC=C1C(=S)[*],Eea,4.1828
[*]C(F)(F)C(F)(F)C(S1)=CC=C1O[*],Eea,1.9642
[*]C(F)(F)C(F)(F)C(C=C1)=CC=C1C(S2)=CC=C2[*],Eea,2.4773
[*]C(F)(F)C(F)(F)C(C=C1)=CC=C1C(C=C2)=CC=C2[*],Eea,2.3351
[*]C(F)(F)C(F)(F)C(C=C1)=CC=C1C(=S)[*],Eea,3.9184
[*]C(F)(F)C(F)(F)C(C=C1)=CC=C1O[*],Eea,1.7411
[*]C(F)(F)C(F)(F)CC(S1)=CC=C1[*],Eea,1.8781
[*]C(F)(F)C(F)(F)CC(C=C1)=CC=C1[*],Eea,1.7485
[*]C(F)(F)C(F)(F)CC(=O)[*],Eea,2.8445
[*]C(F)(F)C(F)(F)CC(=S)[*],Eea,3.5657
[*]C(F)(F)C(F)(F)CN[*],Eea,0.6587
[*]C(F)(F)C(F)(F)CO[*],Eea,0.6148
[*]C(F)(F)C(F)(F)C(=O)C(S1)=CC=C1[*],Eea,3.7613
[*]C(F)(F)C(F)(F)C(=O)C(C=C1)=CC=C1[*],Eea,3.4595
[*]C(F)(F)C(F)(F)C(=O)C(=S)[*],Eea,5.1438
[*]C(F)(F)C(F)(F)C(=S)O[*],Eea,3.6605
[*]C(F)(F)C(F)(F)NC(S1)=CC=C1[*],Eea,1.8646
[*]C(F)(F)C(F)(F)NC(C=C1)=CC=C1[*],Eea,1.524
[*]C(F)(F)C(F)(F)NC(=O)[*],Eea,2.4953
[*]C(F)(F)C(F)(F)NC(=S)[*],Eea,3.1022
[*]C(F)(F)C(F)(F)ON[*],Eea,0.9509
[*]C(F)(F)CC(F)(F)C(S1)=CC=C1[*],Eea,2.025
[*]C(F)(F)CC(F)(F)C(C=C1)=CC=C1[*],Eea,1.9565
[*]C(F)(F)CC(F)(F)C(=O)[*],Eea,3.352
[*]C(F)(F)CC(F)(F)C(=S)[*],Eea,4.3183
[*]C(F)(F)CC(F)(F)N[*],Eea,1.3115
[*]C(F)(F)CC(F)(F)O[*],Eea,0.7292
[*]C(F)(F)C(=O)C(F)(F)C(=O)[*],Eea,4.1382
[*]C(F)(F)C(=O)C(F)(F)O[*],Eea,3.6501
[*]C(F)(F)C(=S)C(F)(F)O[*],Eea,4.3264
[*]C(F)(F)NC(F)(F)C(S1)=CC=C1[*],Eea,2.4083
[*]C(F)(F)NC(F)(F)C(C=C1)=CC=C1[*],Eea,2.1641
[*]C(F)(F)NC(F)(F)C(=O)[*],Eea,3.7985
[*]C(F)(F)NC(F)(F)C(=S)[*],Eea,4.6097
[*]C(F)(F)NC(F)(F)N[*],Eea,1.6576
[*]C(F)(F)NC(F)(F)O[*],Eea,0.9184
[*]C(C=C1)=CC=C1C(C=C2)=CC=C2C(S3)=CC=C3C(S4)=CC=C4[*],Eea,2.6224
[*]C(C=C1)=CC=C1C(C=C2)=CC=C2C(S3)=CC=C3C(=S)[*],Eea,3.3959
[*]C(C=C1)=CC=C1C(=S)C(S2)=CC=C2C(S3)=CC=C3[*],Eea,3.54
[*]CC(S1)=CC=C1CO[*],Eea,1.4146
[*]C(=O)C(S1)=CC=C1C(=S)C(S2)=CC=C2[*],Eea,4.1286
[*]C(=O)C(C=C1)=CC=C1C(S2)=CC=C2C(S3)=CC=C3[*],Eea,2.775
[*]C(=O)C(C=C1)=CC=C1C(S2)=CC=C2C(=S)[*],Eea,3.8058
[*]C(=O)C(C=C1)=CC=C1C(C=C2)=CC=C2C(S3)=CC=C3[*],Eea,3.0595
[*]C(=O)C(C=C1)=CC=C1C(=S)C(S2)=CC=C2[*],Eea,3.9759
[*]C(=O)C(C=C1)=CC=C1C(=S)C(C=C2)=CC=C2[*],Eea,2.9183
[*]NC(S1)=CC=C1C(=O)O[*],Eea,2.6486
[*]NC(=S)NC(C=C1)=CC=C1NC(=S)NCCCCCC[*],Eea,1.6869
[*]C(S1)=CC=C1C(S2)=CC=C2C(=S)C(S3)=CC=C3C(=O)NC(=O)N[*],Eea,2.9241
[*]C(S1)=CC=C1C(=S)C(S2)=CC=C2C(=S)C(=O)NC(C=C3)=CC=C3C(S4)=CC=C4[*],Eea,3.9089
[*]C(C=C1)=CC=C1C(C=C2)=CC=C2CC(=S)C(S3)=CC=C3C(=S)CO[*],Eea,3.7067
[*]C(C=C1)=CC=C1NC(C=C2)=CC=C2C(=S)NC(S3)=CC=C3C(=O)N[*],Eea,2.5831
[*]CCC(=O)OC(=O)CC(C=C1)=CC=C1C(C=C2)=CC=C2[*],Eea,1.5387
[*]C(=O)NONC(=O)NC(S1)=CC=C1N[*],Eea,1.3385
[*]C(=S)C(=O)CCNC(C=C1)=CC=C1C(=S)C(C=C2)=CC=C2[*],Eea,3.8901
[*]C(F)(F)C(F)(F)C(S1)=CC=C1C(S2)=CC=C2[*],Eea,2.7568
[*]C(F)(F)C(F)(F)C(=O)O[*],Eea,2.9195
[*]CC([*])C,Ei,6.185
[*]CC([*])F,Ei,7.6332
[*]CC([*])(F)F,Ei,8.1531
[*]C(F)C([*])(F)F,Ei,8.5986
[*]CCC(F)(F)C([*])(F)F,Ei,9.0178
[*]CO[*],Ei,7.5826
[*]CCO[*],Ei,7.0344
[*]CC(O[*])C(F)(F)F,Ei,7.9431
[*]CCCO[*],Ei,6.904
[*]Oc1ccc(Cc2ccc([*])cc2)cc1,Ei,6.1428
[*]CCCCCOCO[*],Ei,6.9158
[*]CCOC(=O)NCCOCCOCCNC(=O)O[*],Ei,7.1012
[*]c1ccc(-c2nc3cc4nc([*])oc4cc3o2)cc1,Ei,5.6689
[*]CCCCCS[*],Ei,5.7733
[*]Sc1ccc([*])cc1,Ei,6.1739
[*]CCOC(=O)CCCCC(=O)O[*],Ei,7.8277
[*]CCOC(=O)CCCCCCC(=O)O[*],Ei,7.7636
[*]CCOC(=O)c1ccc(C(=O)O[*])cc1,Ei,7.1539
[*]CCCCOC(=O)c1ccc(C(=O)O[*])cc1,Ei,7.6583
[*]CC(=O)O[*],Ei,8.2018
[*]CCCCCC(=O)O[*],Ei,7.458
[*]CCC(=O)O[*],Ei,7.7853
[*]Oc1ccc(CC([*])=O)cc1,Ei,6.3961
[*]Cc1ccc(C(=O)O[*])cc1,Ei,7.179
[*]CCC(=O)N[*],Ei,6.8452
[*]CCCCCCC(=O)N[*],Ei,6.5849
[*]CC(=O)N[*],Ei,7.2525
[*]Nc1cccc(C([*])=O)c1,Ei,6.1179
[*]Cc1ccc(C(=O)N[*])cc1,Ei,6.8713
[*]CCCCCOC(=O)Nc1ccc(C)c(NC(=O)O[*])c1,Ei,5.1674
[*]OC(=O)c1ccc(C([*])=O)cc1,Ei,7.8184
[*]CCCCCOC(=O)O[*],Ei,7.4318
[*]Oc1ccc(OC([*])=O)cc1,Ei,6.5915
[*]CCCN[*],Ei,5.8246
[*]Oc1ccc(C(=O)c2ccc([*])cc2)cc1,Ei,6.383
[*]c1ccc([*])cc1,Ei,5.0935
[*]CCc1ccc(-c2ccc([*])cc2)cc1,Ei,5.6867
[*]OC1C(CO)OC([*])C(O)C1O,Ei,6.8689
[*]Cc1ccc(CO[*])cc1,Ei,6.5689
[*]CCOCCOC(=O)O[*],Ei,7.5966
[*]CCC(O[*])(C(F)(F)F)C(F)(F)F,Ei,8.3643
[*]c1ccc([*])s1,Ei,4.5257
[*]Oc1ccc(-c2ccc(C([*])=O)cc2)cc1,Ei,6.2671
[*]Nc1ccc([*])cc1,Ei,4.9916
[*]c1cccc([*])n1,Ei,6.0452
[*]CC(C1=CC=CC=C1)CC(C2=CC=CC=C2)CC(C3=CC=CC=C3)CC(C4=CC=CC=C4)[*],Ei,3.5577
[*]C(S1)=CC=C1C(S2)=CC=C2[*],Ei,4.5257
[*]C(OC1=C2)=NC1=CC=C2C(=NC3=C4)OC3=CC=C4[*],Ei,5.6338
[*]CC(C=C1)=CC=C1C[*],Ei,6.2134
[*]CCCOC(=O)CCCCCCCCOC(=O)CCCOC(=O)CCCCCCCCOC(=O)[*],Ei,7.4162
[*]CC(C1=CC=CC=N1)CC(C2=CC=CC=N2)CC(C3=CC=CC=N3)[*],Ei,6.2005
[*]C(S1)=CC=C1C(S2)=CC=C2C(S3)=CC=C3C(=S)[*],Ei,5.4248
[*]C(S1)=CC=C1C(S2)=CC=C2C(S3)=CC=C3O[*],Ei,4.7769
[*]C(S1)=CC=C1C(S2)=CC=C2OC(=S)[*],Ei,5.7571
[*]C(S1)=CC=C1C(=S)C(S2)=CC=C2O[*],Ei,6.0778
[*]C(S1)=CC=C1C(=S)OC(=S)[*],Ei,6.3892
[*]C(S1)=CC=C1OC(S2)=CC=C2O[*],Ei,5.0541
[*]C(S1)=CC=C1OC(=S)O[*],Ei,6.1007
[*]C(C=C1)=CC=C1C(S2)=CC=C2C(S3)=CC=C3C(S4)=CC=C4[*],Ei,4.7302
[*]C(C=C1)=CC=C1C(S2)=CC=C2C(S3)=CC=C3O[*],Ei,5.6406
[*]C(C=C1)=CC=C1C(S2)=CC=C2C(C=C3)=CC=C3C(S4)=CC=C4[*],Ei,5.1637
[*]C(C=C1)=CC=C1C(S2)=CC=C2C(C=C3)=CC=C3C(=S)[*],Ei,5.6674
[*]C(C=C1)=CC=C1C(S2)=CC=C2C(C=C3)=CC=C3O[*],Ei,5.1678
[*]C(C=C1)=CC=C1C(S2)=CC=C2C(=S)C(S3)=CC=C3[*],Ei,5.7103
[*]C(C=C1)=CC=C1C(S2)=CC=C2OC(S3)=CC=C3[*],Ei,4.9968
[*]C(C=C1)=CC=C1C(S2)=CC=C2OC(=S)[*],Ei,5.9399
[*]C(C=C1)=CC=C1C(C=C2)=CC=C2C(S3)=CC=C3O[*],Ei,5.1012
[*]C(C=C1)=CC=C1C(C=C2)=CC=C2C(C=C3)=CC=C3C(S4)=CC=C4[*],Ei,5.1853
[*]C(C=C1)=CC=C1C(C=C2)=CC=C2C(C=C3)=CC=C3C(=S)[*],Ei,5.6338
[*]C(C=C1)=CC=C1C(C=C2)=CC=C2C(C=C3)=CC=C3O[*],Ei,5.5837
[*]C(C=C1)=CC=C1C(C=C2)=CC=C2C(=S)O[*],Ei,5.9851
[*]C(C=C1)=CC=C1C(=S)C(S2)=CC=C2C(=S)[*],Ei,6.2119
[*]C(C=C1)=CC=C1C(=S)C(S2)=CC=C2O[*],Ei,5.8629
[*]C(C=C1)=CC=C1C(=S)C(C=C2)=CC=C2C(=S)[*],Ei,5.6051
[*]C(C=C1)=CC=C1C(=S)C(C=C2)=CC=C2O[*],Ei,5.7685
[*]C(C=C1)=CC=C1C(=S)OC(=S)[*],Ei,6.5598
[*]C(C=C1)=CC=C1OC(S2)=CC=C2O[*],Ei,5.9034
[*]C(C=C1)=CC=C1OC(=S)C(S2)=CC=C2[*],Ei,5.9615
[*]C(C=C1)=CC=C1OC(=S)O[*],Ei,6.6287
[*]CC(S1)=CC=C1C(S2)=CC=C2C(S3)=CC=C3[*],Ei,5.1385
[*]CC(S1)=CC=C1C(S2)=CC=C2C(=S)[*],Ei,5.7652
[*]CC(S1)=CC=C1C(S2)=CC=C2O[*],Ei,5.2494
[*]CC(S1)=CC=C1C(C=C2)=CC=C2C(S3)=CC=C3[*],Ei,5.2326
[*]CC(S1)=CC=C1C(C=C2)=CC=C2C(=S)[*],Ei,5.6896
[*]CC(S1)=CC=C1C(C=C2)=CC=C2O[*],Ei,5.4992
[*]CC(S1)=CC=C1CC(S2)=CC=C2[*],Ei,5.797
[*]CC(S1)=CC=C1CC(=S)[*],Ei,5.8858
[*]CC(S1)=CC=C1C(=O)C(S2)=CC=C2[*],Ei,6.3555
[*]CC(S1)=CC=C1C(=O)C(=S)[*],Ei,6.4325
[*]CC(S1)=CC=C1C(=O)O[*],Ei,6.8862
[*]CC(S1)=CC=C1C(=S)C(S2)=CC=C2[*],Ei,5.9541
[*]CC(S1)=CC=C1C(=S)O[*],Ei,6.4155
[*]CC(S1)=CC=C1NC(S2)=CC=C2[*],Ei,5.2507
[*]CC(S1)=CC=C1NC(=S)[*],Ei,5.7769
[*]CC(S1)=CC=C1NO[*],Ei,5.1816
[*]CC(S1)=CC=C1OC(S2)=CC=C2[*],Ei,5.8606
[*]CC(S1)=CC=C1OC(=S)[*],Ei,6.155
[*]CC(C=C1)=CC=C1C(S2)=CC=C2C(S3)=CC=C3[*],Ei,5.1679
[*]CC(C=C1)=CC=C1C(S2)=CC=C2C(C=C3)=CC=C3[*],Ei,5.3092
[*]CC(C=C1)=CC=C1C(S2)=CC=C2C(=S)[*],Ei,5.8475
[*]CC(C=C1)=CC=C1C(C=C2)=CC=C2C(S3)=CC=C3[*],Ei,5.3793
[*]CC(C=C1)=CC=C1C(C=C2)=CC=C2C(C=C3)=CC=C3[*],Ei,5.528
[*]CC(C=C1)=CC=C1C(C=C2)=CC=C2C(=S)[*],Ei,5.6651
[*]CC(C=C1)=CC=C1CC(S2)=CC=C2[*],Ei,5.5737
[*]CC(C=C1)=CC=C1CC(C=C2)=CC=C2[*],Ei,6.2368
[*]CC(C=C1)=CC=C1CC(=S)[*],Ei,5.9697
[*]CC(C=C1)=CC=C1C(=O)C(S2)=CC=C2[*],Ei,6.578
[*]CC(C=C1)=CC=C1C(=O)C(C=C2)=CC=C2[*],Ei,6.6326
[*]CC(C=C1)=CC=C1C(=O)C(=S)[*],Ei,6.2998
[*]CC(C=C1)=CC=C1C(=S)C(S2)=CC=C2[*],Ei,5.8109
[*]CC(C=C1)=CC=C1C(=S)C(C=C2)=CC=C2[*],Ei,5.6687
[*]CC(C=C1)=CC=C1C(=S)O[*],Ei,6.2737
[*]CC(C=C1)=CC=C1NC(S2)=CC=C2[*],Ei,5.4067
[*]CC(C=C1)=CC=C1NC(C=C2)=CC=C2[*],Ei,5.3392
[*]CC(C=C1)=CC=C1NC(=S)[*],Ei,5.8355
[*]CC(C=C1)=CC=C1NO[*],Ei,5.6115
[*]CC(C=C1)=CC=C1OC(S2)=CC=C2[*],Ei,5.631
[*]CC(C=C1)=CC=C1OC(=S)[*],Ei,6.2998
[*]CCC(S1)=CC=C1C(S2)=CC=C2[*],Ei,5.1709
[*]CCC(S1)=CC=C1C(=S)[*],Ei,5.9475
[*]CCC(S1)=CC=C1O[*],Ei,5.5608
[*]CCC(C=C1)=CC=C1C(S2)=CC=C2[*],Ei,5.4079
[*]CCC(C=C1)=CC=C1C(=S)[*],Ei,5.8549
[*]CCC(C=C1)=CC=C1O[*],Ei,5.6727
[*]CCCC(S1)=CC=C1[*],Ei,5.6976
[*]CCCC(C=C1)=CC=C1[*],Ei,5.9933
[*]CCCC(=O)[*],Ei,6.6298
[*]CCCC(=S)[*],Ei,5.7881
[*]CCC(=O)C(S1)=CC=C1[*],Ei,6.6564
[*]CCC(=O)C(C=C1)=CC=C1[*],Ei,6.8635
[*]CCC(=O)C(=S)[*],Ei,6.4199
[*]CCC(=S)O[*],Ei,6.2041
[*]CCNC(S1)=CC=C1[*],Ei,4.6632
[*]CCNC(C=C1)=CC=C1[*],Ei,4.8208
[*]CCNC(=S)[*],Ei,5.3628
[*]CCON[*],Ei,4.8207
[*]CC(=O)C(S1)=CC=C1C(S2)=CC=C2[*],Ei,5.6786
[*]CC(=O)C(S1)=CC=C1C(C=C2)=CC=C2[*],Ei,6.0852
[*]CC(=O)C(S1)=CC=C1C(=O)[*],Ei,7.202
[*]CC(=O)C(S1)=CC=C1C(=S)[*],Ei,6.3101
[*]CC(=O)C(S1)=CC=C1O[*],Ei,6.261
[*]CC(=O)C(C=C1)=CC=C1C(S2)=CC=C2[*],Ei,5.9294
[*]CC(=O)C(C=C1)=CC=C1C(C=C2)=CC=C2[*],Ei,6.2808
[*]CC(=O)C(C=C1)=CC=C1C(=O)[*],Ei,7.293
[*]CC(=O)C(C=C1)=CC=C1C(=S)[*],Ei,6.4748
[*]CC(=O)C(C=C1)=CC=C1O[*],Ei,6.5457
[*]CC(=O)CC(S1)=CC=C1[*],Ei,6.0343
[*]CC(=O)CC(C=C1)=CC=C1[*],Ei,6.2518
[*]CC(=O)CC(=O)[*],Ei,5.6663
[*]CC(=O)CC(=S)[*],Ei,5.8877
[*]CC(=O)CO[*],Ei,6.97
[*]CC(=O)C(=S)C(S1)=CC=C1[*],Ei,6.3305
[*]CC(=O)C(=S)C(C=C1)=CC=C1[*],Ei,6.263
[*]CC(=O)C(=S)C(=O)[*],Ei,6.8667
[*]CC(=O)C(=S)O[*],Ei,6.719
[*]CC(=O)NC(S1)=CC=C1[*],Ei,5.8021
[*]CC(=O)NC(C=C1)=CC=C1[*],Ei,5.8783
[*]CC(=O)NC(=O)[*],Ei,5.8547
[*]CC(=O)NC(=S)[*],Ei,5.8386
[*]CC(=O)OC(S1)=CC=C1[*],Ei,6.077
[*]CC(=O)OC(=O)[*],Ei,8.5901
[*]CC(=O)OC(=S)[*],Ei,6.7464
[*]CC(=S)C(S1)=CC=C1C(=S)[*],Ei,4.932
[*]CC(=S)C(S1)=CC=C1O[*],Ei,5.946
[*]CC(=S)C(C=C1)=CC=C1C(=S)[*],Ei,4.2727
[*]CC(=S)C(C=C1)=CC=C1N[*],Ei,5.6636
[*]CC(=S)C(C=C1)=CC=C1O[*],Ei,5.926
[*]CC(=S)CO[*],Ei,5.5936
[*]CC(=S)C(=O)O[*],Ei,6.5803
[*]CC(=S)NO[*],Ei,5.6761
[*]CNC(S1)=CC=C1C(C=C2)=CC=C2[*],Ei,5.4046
[*]CNC(S1)=CC=C1C(=O)[*],Ei,5.431
[*]CNC(S1)=CC=C1C(=S)[*],Ei,5.3497
[*]CNC(S1)=CC=C1N[*],Ei,4.8739
[*]CNC(S1)=CC=C1O[*],Ei,5.3042
[*]CNC(C=C1)=CC=C1C(S2)=CC=C2[*],Ei,5.0179
[*]CNC(C=C1)=CC=C1N[*],Ei,4.6919
[*]CNC(C=C1)=CC=C1O[*],Ei,5.1109
[*]CNCC(S1)=CC=C1[*],Ei,5.8087
[*]CNCC(C=C1)=CC=C1[*],Ei,6.259
[*]CNCC(=O)[*],Ei,6.367
[*]CNCC(=S)[*],Ei,6.0922
[*]CNCN[*],Ei,6.0806
[*]CNCO[*],Ei,6.4057
[*]CNC(=O)C(S1)=CC=C1[*],Ei,6.3237
[*]CNC(=O)C(=S)[*],Ei,7.0203
[*]CNC(=S)C(S1)=CC=C1[*],Ei,5.8964
[*]CNC(=S)C(C=C1)=CC=C1[*],Ei,5.75
[*]CNC(=S)C(=O)[*],Ei,6.3386
[*]CNC(=S)N[*],Ei,5.6855
[*]CNC(=S)O[*],Ei,6.2178
[*]CNOC(S1)=CC=C1[*],Ei,5.578
[*]CNOC(C=C1)=CC=C1[*],Ei,5.7444
[*]CNOC(=S)[*],Ei,6.7958
[*]CNON[*],Ei,6.3414
[*]COC(S1)=CC=C1C(C=C2)=CC=C2[*],Ei,5.3253
[*]COC(S1)=CC=C1O[*],Ei,5.7358
[*]COC(C=C1)=CC=C1O[*],Ei,5.8209
[*]COC(=O)O[*],Ei,8.8314
[*]COC(=S)O[*],Ei,6.8707
[*]CONC(=O)[*],Ei,7.3554
[*]CONO[*],Ei,7.0389
[*]C(=O)C(S1)=CC=C1C(S2)=CC=C2C(S3)=CC=C3[*],Ei,5.3929
[*]C(=O)C(S1)=CC=C1C(S2)=CC=C2C(=S)[*],Ei,6.113
[*]C(=O)C(S1)=CC=C1C(S2)=CC=C2O[*],Ei,5.5977
[*]C(=O)C(S1)=CC=C1C(C=C2)=CC=C2C(S3)=CC=C3[*],Ei,5.7571
[*]C(=O)C(S1)=CC=C1C(C=C2)=CC=C2C(=S)[*],Ei,6.0589
[*]C(=O)C(S1)=CC=C1C(C=C2)=CC=C2O[*],Ei,5.7839
[*]C(=O)C(S1)=CC=C1C(=O)C(S2)=CC=C2[*],Ei,7.0438
[*]C(=O)C(S1)=CC=C1C(=O)C(=S)[*],Ei,6.8471
[*]C(=O)C(S1)=CC=C1C(=O)O[*],Ei,7.3658
[*]C(=O)C(S1)=CC=C1C(=S)O[*],Ei,6.7886
[*]C(=O)C(S1)=CC=C1OC(S2)=CC=C2[*],Ei,6.3539
[*]C(=O)C(S1)=CC=C1OC(=S)[*],Ei,6.8199
[*]C(=O)C(C=C1)=CC=C1C(S2)=CC=C2C(C=C3)=CC=C3[*],Ei,5.8483
[*]C(=O)C(C=C1)=CC=C1C(S2)=CC=C2O[*],Ei,6.028
[*]C(=O)C(C=C1)=CC=C1C(C=C2)=CC=C2C(C=C3)=CC=C3[*],Ei,5.9803
[*]C(=O)C(C=C1)=CC=C1C(C=C2)=CC=C2C(=S)[*],Ei,6.1599
[*]C(=O)C(C=C1)=CC=C1C(=O)C(S2)=CC=C2[*],Ei,7.268
[*]C(=O)C(C=C1)=CC=C1C(=O)C(C=C2)=CC=C2[*],Ei,6.4709
[*]C(=O)C(C=C1)=CC=C1C(=O)C(=S)[*],Ei,6.7765
[*]C(=O)C(C=C1)=CC=C1C(=S)O[*],Ei,6.7625
[*]C(=O)C(C=C1)=CC=C1OC(S2)=CC=C2[*],Ei,6.1761
[*]C(=O)C(C=C1)=CC=C1OC(=S)[*],Ei,6.7719
[*]C(=O)OC(S1)=CC=C1C(=S)[*],Ei,6.6347
[*]C(=O)OC(S1)=CC=C1O[*],Ei,5.9838
[*]C(=O)OC(C=C1)=CC=C1C(=S)[*],Ei,6.6755
[*]C(=O)OC(=O)O[*],Ei,7.4502
[*]C(=O)OC(=S)O[*],Ei,7.3548
[*]NC(S1)=CC=C1C(S2)=CC=C2C(S3)=CC=C3[*],Ei,4.3058
[*]NC(S1)=CC=C1C(S2)=CC=C2C[*],Ei,4.9311
[*]NC(S1)=CC=C1C(S2)=CC=C2C(=O)[*],Ei,5.182
[*]NC(S1)=CC=C1C(S2)=CC=C2C(=S)[*],Ei,5.3242
[*]NC(S1)=CC=C1C(C=C2)=CC=C2C(S3)=CC=C3[*],Ei,4.3893
[*]NC(S1)=CC=C1C(C=C2)=CC=C2C(=S)[*],Ei,5.6909
[*]NC(S1)=CC=C1C(=O)C(S2)=CC=C2[*],Ei,5.2456
[*]NC(S1)=CC=C1C(=O)C(=S)[*],Ei,6.311
[*]NC(S1)=CC=C1C(=S)C(S2)=CC=C2[*],Ei,5.2424
[*]NC(S1)=CC=C1C(=S)C(C=C2)=CC=C2[*],Ei,5.2303
[*]NC(S1)=CC=C1NC(S2)=CC=C2[*],Ei,4.0261
[*]NC(S1)=CC=C1NC(=S)[*],Ei,5.1241
[*]NC(S1)=CC=C1OC(S2)=CC=C2[*],Ei,5.4925
[*]NC(S1)=CC=C1OC(=S)[*],Ei,5.6596
[*]NC(C=C1)=CC=C1C(S2)=CC=C2C(S3)=CC=C3[*],Ei,4.896
[*]NC(C=C1)=CC=C1C(S2)=CC=C2C(C=C3)=CC=C3[*],Ei,4.4871
[*]NC(C=C1)=CC=C1C(S2)=CC=C2C(=S)[*],Ei,5.6224
[*]NC(C=C1)=CC=C1C(C=C2)=CC=C2C(S3)=CC=C3[*],Ei,4.5131
[*]NC(C=C1)=CC=C1C(C=C2)=CC=C2C(C=C3)=CC=C3[*],Ei,4.7817
[*]NC(C=C1)=CC=C1C(C=C2)=CC=C2C[*],Ei,5.1363
[*]NC(C=C1)=CC=C1C(C=C2)=CC=C2C(=S)[*],Ei,5.3872
[*]NC(C=C1)=CC=C1C(=O)C(S2)=CC=C2[*],Ei,5.4547
[*]NC(C=C1)=CC=C1C(=O)C(=S)[*],Ei,6.3689
[*]NC(C=C1)=CC=C1C(=O)O[*],Ei,6.8988
[*]NC(C=C1)=CC=C1C(=S)C(C=C2)=CC=C2[*],Ei,5.3904
[*]NC(C=C1)=CC=C1NC(S2)=CC=C2[*],Ei,4.9639
[*]NC(C=C1)=CC=C1OC(S2)=CC=C2[*],Ei,5.3817
[*]NC(C=C1)=CC=C1OC(C=C2)=CC=C2[*],Ei,4.8032
[*]NC(C=C1)=CC=C1OC(=S)[*],Ei,5.9088
[*]NC(=O)C(S1)=CC=C1C(C=C2)=CC=C2[*],Ei,5.5458
[*]NC(=O)C(S1)=CC=C1C(=O)[*],Ei,7.093
[*]NC(=O)C(S1)=CC=C1C(=S)[*],Ei,6.1268
[*]NC(=O)C(S1)=CC=C1O[*],Ei,6.5697
[*]NC(=O)C(C=C1)=CC=C1C(S2)=CC=C2[*],Ei,6.1434
[*]NC(=O)C(C=C1)=CC=C1C(C=C2)=CC=C2[*],Ei,5.7787
[*]NC(=O)C(C=C1)=CC=C1C(=S)[*],Ei,6.3279
[*]NC(=O)C(C=C1)=CC=C1O[*],Ei,6.7472
[*]NC(=O)C(=S)C(S1)=CC=C1[*],Ei,6.6147
[*]NC(=O)C(=S)C(C=C1)=CC=C1[*],Ei,6.5245
[*]NC(=O)C(=S)C(=O)[*],Ei,6.114
[*]NC(=O)C(=S)O[*],Ei,7.7235
[*]NC(=O)NC(S1)=CC=C1[*],Ei,4.8361
[*]NC(=O)NC(=O)[*],Ei,5.9087
[*]NC(=O)NC(=S)[*],Ei,7.159
[*]NC(=O)NO[*],Ei,7.4857
[*]NC(=O)OC(S1)=CC=C1[*],Ei,5.369
[*]NC(=O)OC(C=C1)=CC=C1[*],Ei,5.9392
[*]NC(=O)OC(=S)[*],Ei,7.661
[*]NC(=S)C(S1)=CC=C1O[*],Ei,6.1012
[*]NC(=S)C(C=C1)=CC=C1O[*],Ei,5.884
[*]NC(=S)C(=O)O[*],Ei,6.5527
[*]NC(=S)NC(C=C1)=CC=C1[*],Ei,5.5113
[*]NC(=S)NC(=S)[*],Ei,7.0636
[*]NC(=S)NO[*],Ei,5.7438
[*]NC(=S)OC(=S)[*],Ei,6.6502
[*]NOC(=O)O[*],Ei,7.9654
[*]NOC(=S)O[*],Ei,7.5682
[*]NC(=S)NC(C=C1)=CC=C1NC(=S)NC(C=C2)=CC=C2OC(C=C3)=CC=C3[*],Ei,5.9845
[*]NC(=S)NC(C=C1)=CC=C1CC(C=C2)=CC=C2[*],Ei,5.378
[*]CCOCCOC(=O)NC(=CC=C1(C))C=C1NC(=O)O[*],Ei,5.1123
[*]NC(=O)OC(=O)[*],Ei,8.2121
[*]C(=O)C(=S)C(=O)O[*],Ei,7.4364
[*]C(C=C1)=CC=C1OC(=O)CC(=O)CCO[*],Ei,6.7464
[*]CCOC(=S)NC(=S)C(C=C1)=CC=C1N[*],Ei,5.413
[*]CNCCCOCO[*],Ei,6.3776
[*]CNCNC(=O)NC(=O)N[*],Ei,6.2252
[*]CNC(=O)NCOCO[*],Ei,7.215
[*]CNC(=O)ONC(=O)NO[*],Ei,7.4526
[*]COCOCCCO[*],Ei,7.1508
[*]COC(=O)NCCNC[*],Ei,6.3844
[*]C(=O)C(S1)=CC=C1NC(=S)OC(S2)=CC=C2NC(S3)=CC=C3[*],Ei,5.4902
[*]C(=O)NC(=O)CNC(=O)ON[*],Ei,8.0693
[*]C(=O)NC(=O)NCCCN[*],Ei,6.8266
[*]C(=O)NC(=O)NC(=O)NC(S1)=CC=C1N[*],Ei,5.7225
[*]C(=O)NC(=O)OC(=O)NCN[*],Ei,8.0251
[*]C(=O)NOCCCCO[*],Ei,6.4266
[*]OC(C=C1)=CC=C1C(=O)C(S2)=CC=C2C(=O)NOC(=O)[*],Ei,7.1656
[*]C(F)(F)C(S1)=CC=C1C(F)(F)C(S2)=CC=C2[*],Ei,6.7826
[*]C(F)(F)C(S1)=CC=C1C(F)(F)C(=S)[*],Ei,6.9673
[*]C(F)(F)C(S1)=CC=C1C(F)(F)O[*],Ei,7.2935
[*]C(F)(F)C(C=C1)=CC=C1C(F)(F)C(S2)=CC=C2[*],Ei,6.4074
[*]C(F)(F)C(C=C1)=CC=C1C(F)(F)C(C=C2)=CC=C2[*],Ei,6.6407
[*]C(F)(F)C(C=C1)=CC=C1C(F)(F)C(=S)[*],Ei,6.9546
[*]C(F)(F)C(C=C1)=CC=C1C(F)(F)O[*],Ei,7.7355
[*]C(F)(F)C(F)(F)C(S1)=CC=C1C(=S)[*],Ei,6.7085
[*]C(F)(F)C(F)(F)C(S1)=CC=C1O[*],Ei,6.8728
[*]C(F)(F)C(F)(F)C(C=C1)=CC=C1C(S2)=CC=C2[*],Ei,6.0965
[*]C(F)(F)C(F)(F)C(C=C1)=CC=C1C(C=C2)=CC=C2[*],Ei,6.3228
[*]C(F)(F)C(F)(F)C(C=C1)=CC=C1C(=S)[*],Ei,6.6143
[*]C(F)(F)C(F)(F)C(C=C1)=CC=C1O[*],Ei,6.9837
[*]C(F)(F)C(F)(F)CC(S1)=CC=C1[*],Ei,6.8904
[*]C(F)(F)C(F)(F)CC(C=C1)=CC=C1[*],Ei,7.001
[*]C(F)(F)C(F)(F)CC(=O)[*],Ei,7.9225
[*]C(F)(F)C(F)(F)CC(=S)[*],Ei,6.438
[*]C(F)(F)C(F)(F)CN[*],Ei,8.2676
[*]C(F)(F)C(F)(F)CO[*],Ei,9.8385
[*]C(F)(F)C(F)(F)C(=O)C(S1)=CC=C1[*],Ei,7.5565
[*]C(F)(F)C(F)(F)C(=O)C(C=C1)=CC=C1[*],Ei,7.7091
[*]C(F)(F)C(F)(F)C(=O)C(=S)[*],Ei,7.0732
[*]C(F)(F)C(F)(F)C(=S)O[*],Ei,7.093
[*]C(F)(F)C(F)(F)NC(S1)=CC=C1[*],Ei,5.871
[*]C(F)(F)C(F)(F)NC(C=C1)=CC=C1[*],Ei,6.1304
[*]C(F)(F)C(F)(F)NC(=O)[*],Ei,8.3456
[*]C(F)(F)C(F)(F)NC(=S)[*],Ei,6.3593
[*]C(F)(F)C(F)(F)ON[*],Ei,9.0368
[*]C(F)(F)CC(F)(F)C(S1)=CC=C1[*],Ei,7.1393
[*]C(F)(F)CC(F)(F)C(C=C1)=CC=C1[*],Ei,7.0413
[*]C(F)(F)CC(F)(F)C(=O)[*],Ei,8.1829
[*]C(F)(F)CC(F)(F)C(=S)[*],Ei,7.4545
[*]C(F)(F)CC(F)(F)N[*],Ei,8.5515
[*]C(F)(F)CC(F)(F)O[*],Ei,9.6085
[*]C(F)(F)C(=O)C(F)(F)C(=O)[*],Ei,7.3587
[*]C(F)(F)C(=O)C(F)(F)O[*],Ei,8.7917
[*]C(F)(F)C(=S)C(F)(F)O[*],Ei,7.385
[*]C(F)(F)NC(F)(F)C(S1)=CC=C1[*],Ei,7.3853
[*]C(F)(F)NC(F)(F)C(C=C1)=CC=C1[*],Ei,7.2657
[*]C(F)(F)NC(F)(F)C(=O)[*],Ei,8.5584
[*]C(F)(F)NC(F)(F)C(=S)[*],Ei,7.8892
[*]C(F)(F)NC(F)(F)N[*],Ei,8.5631
[*]C(F)(F)NC(F)(F)O[*],Ei,9.067
[*]C(C=C1)=CC=C1C(C=C2)=CC=C2C(S3)=CC=C3C(S4)=CC=C4[*],Ei,4.852
[*]C(C=C1)=CC=C1C(C=C2)=CC=C2C(S3)=CC=C3C(=S)[*],Ei,5.7249
[*]C(C=C1)=CC=C1C(=S)C(S2)=CC=C2C(S3)=CC=C3[*],Ei,5.643
[*]CC(S1)=CC=C1CO[*],Ei,6.0202
[*]C(=O)C(S1)=CC=C1C(=S)C(S2)=CC=C2[*],Ei,6.205
[*]C(=O)C(C=C1)=CC=C1C(S2)=CC=C2C(S3)=CC=C3[*],Ei,5.5122
[*]C(=O)C(C=C1)=CC=C1C(S2)=CC=C2C(=S)[*],Ei,6.162
[*]C(=O)C(C=C1)=CC=C1C(C=C2)=CC=C2C(S3)=CC=C3[*],Ei,5.9085
[*]C(=O)C(C=C1)=CC=C1C(=S)C(S2)=CC=C2[*],Ei,6.3469
[*]C(=O)C(C=C1)=CC=C1C(=S)C(C=C2)=CC=C2[*],Ei,5.8604
[*]NC(S1)=CC=C1C(=O)O[*],Ei,6.0364
[*]NC(=S)NC(C=C1)=CC=C1NC(=S)NCCCCCC[*],Ei,5.4552
[*]C(S1)=CC=C1C(S2)=CC=C2C(=S)C(S3)=CC=C3C(=O)NC(=O)N[*],Ei,5.1795
[*]C(S1)=CC=C1C(=S)C(S2)=CC=C2C(=S)C(=O)NC(C=C3)=CC=C3C(S4)=CC=C4[*],Ei,5.6233
[*]C(C=C1)=CC=C1C(C=C2)=CC=C2CC(=S)C(S3)=CC=C3C(=S)CO[*],Ei,5.9175
[*]C(C=C1)=CC=C1NC(C=C2)=CC=C2C(=S)NC(S3)=CC=C3C(=O)N[*],Ei,5.2813
[*]CCC(=O)OC(=O)CC(C=C1)=CC=C1C(C=C2)=CC=C2[*],Ei,6.1951
[*]C(=O)NONC(=O)NC(S1)=CC=C1N[*],Ei,5.6948
[*]C(=S)C(=O)CCNC(C=C1)=CC=C1C(=S)C(C=C2)=CC=C2[*],Ei,5.8838
[*]C(F)(F)C(F)(F)C(S1)=CC=C1C(S2)=CC=C2[*],Ei,5.8176
[*]C(F)(F)C(F)(F)C(=O)O[*],Ei,9.0985
